{"epoch/loss": 1.0987321138381958, "epoch/accuracy": 0.3329225182533264, "epoch/val_loss": 1.098737359046936, "epoch/val_accuracy": 0.3333333432674408, "epoch/epoch": 0, "epoch/learning_rate": 0.0010000000474974513, "_timestamp": 1698714334.8388796, "_runtime": 48.928112506866455, "_step": 0, "_wandb": {"runtime": 53}}