{"epoch/loss": 0.7595798969268799, "epoch/accuracy": 0.6239150166511536, "epoch/val_loss": 1.5971676111221313, "epoch/val_accuracy": 0.4022127687931061, "epoch/epoch": 0, "epoch/learning_rate": 0.0010000000474974513, "_timestamp": 1698713268.808046, "_runtime": 86.68858504295349, "_step": 0, "_wandb": {"runtime": 86}}