{"epoch/loss": 0.7872421741485596, "epoch/accuracy": 0.6035803556442261, "epoch/val_loss": 1.5787972211837769, "epoch/val_accuracy": 0.4191772937774658, "epoch/epoch": 0, "epoch/learning_rate": 0.0010000000474974513, "_timestamp": 1698714934.9198782, "_runtime": 85.86894035339355, "_step": 0, "_wandb": {"runtime": 90}}