{"epoch/loss": 0.7305693626403809, "epoch/accuracy": 0.6414307355880737, "epoch/val_loss": 2.3346266746520996, "epoch/val_accuracy": 0.388907790184021, "epoch/epoch": 0, "epoch/learning_rate": 0.0010000000474974513, "_timestamp": 1698712911.2802157, "_runtime": 90.34726881980896, "_step": 0, "_wandb": {"runtime": 95}}