{"epoch/loss": 1.0987377166748047, "epoch/accuracy": 0.3317680358886719, "epoch/val_loss": 1.0985827445983887, "epoch/val_accuracy": 0.3333333432674408, "epoch/epoch": 0, "epoch/learning_rate": 0.0010000000474974513, "_timestamp": 1698713518.0022135, "_runtime": 51.54588747024536, "_step": 0, "_wandb": {"runtime": 55}}