{"epoch/loss": 0.3705326318740845, "epoch/accuracy": 0.8476033806800842, "epoch/val_loss": 2.3101418018341064, "epoch/val_accuracy": 0.40734753012657166, "epoch/epoch": 1, "epoch/learning_rate": 0.0010000000474974513, "_timestamp": 1698708786.512267, "_runtime": 125.08576202392578, "_step": 1, "_wandb": {"runtime": 147}}