{"epoch/loss": 0.8192719221115112, "epoch/accuracy": 0.5778203010559082, "epoch/val_loss": 1.641988754272461, "epoch/val_accuracy": 0.42019858956336975, "epoch/epoch": 0, "epoch/learning_rate": 0.0010000000474974513, "_timestamp": 1698713978.587968, "_runtime": 49.4802930355072, "_step": 0, "_wandb": {"runtime": 53}}